Route,Distance,DijkstraRuntime,AStarRuntime,DijkstraNodes,AStarNodes
1,2.89892,14.268,8.67329,6441,1786
2,2.72713,10.6128,8.16504,4566,1509
3,0.629802,6.60938,6.43138,532,222
4,2.13133,7.27967,6.51096,1202,313
5,2.92868,12.1403,7.52721,5987,1013
